x,y
0,-3.045160558070787
1,15.352752767208393
2,8.389249391944967
3,2.8259164162098322
4,12.522550040116897
5,4.568299264208115
6,23.79333662159931
7,1.646234744708508
8,3.6057224418017935
9,-7.610387167020567
10,-3.124435297420197
11,-3.6229593164892826
12,-1.9488889506896676
13,-0.045396293372917285
14,-10.961533895122503
15,2.155265479394849
16,-0.7005861370028121
17,-12.040383725041131
18,2.740996710756029
19,-7.194191278767107
20,-6.869227840868602
21,-16.255955926155004
22,-18.966446409474052
23,-8.093198376695945
24,-8.641735303581498
25,-12.500345547098089
26,-13.847373930136953
27,-19.899378682229205
28,-17.61919536512778
29,-18.766604100440205
30,-26.285331997802473
31,-20.369154050707813
32,-31.497609503263753
33,-19.695597320422536
34,-24.066057495397768
35,-11.04717694996075
36,-38.90239639178608
37,-32.00658236938562
38,-34.034345652341315
39,-44.43848595126778
40,-18.250020767045243
41,-33.45305748951698
42,-36.69497803980432
43,-27.355283348846445
44,-42.12782729474641
45,-32.52762593310191
46,-43.21692677214578
47,-35.72202917364238
48,-45.27941755891719
49,-35.8693865953824
50,-42.77933815517734
51,-46.475066496194884
52,-41.63593221947882
53,-49.42434865378493
54,-40.642291809142094
55,-46.66496915674017
56,-49.32890825833202
57,-46.09755771204092
58,-62.68920163416749
59,-45.0757630991566
60,-62.96075960932737
61,-59.20035598555741
62,-52.86670157627286
63,-52.35262213445614
64,-56.651992230875855
65,-67.78904648800007
66,-51.141988705258754
67,-64.3362749278749
68,-55.47598875640349
69,-58.7021562489313
70,-58.84157653672524
71,-56.97169219604028
72,-56.513511004194335
73,-74.93847726765266
74,-62.082455513773496
75,-66.80175256538418
76,-73.96969470742381
77,-69.4564805269401
78,-69.60671484781592
79,-63.057218740708194
80,-79.3139968410951
81,-77.20935910029529
82,-65.11855756135705
83,-76.59908377592726
84,-66.44540694242517
85,-76.63799080333789
86,-71.42090866457582
87,-83.83501665799007
88,-81.8341410502767
89,-81.30233986572385
90,-79.99684418903246
91,-84.12975363211504
92,-85.35035056233981
93,-92.30693983560698
94,-89.2946299691931
95,-91.7951095958416
96,-85.92350058009212
97,-91.72260259072642
98,-97.65270849298764
99,-83.14402307307478
100,-98.3457967452082
101,-82.17680561120112
102,-93.20714656680894
103,-98.2719737101292
104,-81.17729678553671
105,-92.92058821880605
106,-97.78788747848506
107,-95.12570551364331
108,-95.46477545363226
109,-91.869836315627
110,-101.31295891719155
111,-108.03705003329317
112,-102.92625896038163
113,-98.59562583536938
114,-108.20290679871951
115,-106.71483834747481
116,-95.93633570316192
117,-105.93446241999071
118,-106.56166764665251
119,-110.21828784843828
120,-116.14991657620413
121,-104.87763519942293
122,-102.54939466986568
123,-116.85825134874499
124,-117.14090979153426
125,-120.33583119054707
126,-108.62623503690924
127,-113.67790318169108
128,-109.42979116759518
129,-117.65230273492952
130,-112.7171224394878
131,-118.37866342861086
132,-125.5572247926013
133,-122.68074851695502
134,-121.18430871461577
135,-109.38725391179138
136,-114.7591050247762
137,-122.0335602262416
138,-134.46920289136804
139,-128.10896415439905
140,-127.68491461225256
141,-126.12575291352482
142,-136.20816022341728
143,-137.4120084997568
144,-144.27875974939568
145,-135.31012009298766
146,-135.91084754092932
147,-133.17696591054337
148,-131.42938964695543
149,-139.56423454124948
150,-141.37991361303773
151,-143.58513030291053
152,-145.90090934751873
153,-157.4622930547826
154,-153.91731505269576
155,-150.90673239406848
156,-130.84073773864534
157,-146.893660444912
158,-146.88931172662686
159,-142.21431917900924
160,-161.43812128915158
161,-157.9319738805711
162,-156.64456623048858
163,-145.9320725938289
164,-153.65312347216576
165,-149.03568464094076
166,-156.1027495676741
167,-161.66432737198227
168,-141.15710740598456
169,-160.31203130612542
170,-151.22022860397402
171,-167.57762030263802
172,-176.76323650299494
173,-155.23242825624325
174,-158.37874526720876
175,-163.5601835217068
176,-157.56313682125898
177,-159.51247622288906
178,-173.20669065093523
179,-159.28541250210802
180,-165.07472320871622
181,-159.52250815982285
182,-164.18673278383096
183,-178.1721836975546
184,-174.4611079255772
185,-172.1335475484199
186,-175.15802106725866
187,-170.13118932785088
188,-167.20228841168424
189,-184.67931268288487
190,-174.18289680507613
191,-193.71902802146207
192,-187.48261962825651
193,-187.57198025435264
194,-178.18431604648282
195,-191.67701761318332
196,-192.0752505873209
197,-199.63245563785108
198,-187.66759970301072
199,-180.98236993420645
200,-199.71116954651617
201,-191.31238956379585
202,-203.2069134522608
203,-175.88788071749676
204,-175.89542204834464
205,-184.27286520589766
206,-199.06735707977558
207,-184.96791903255368
208,-201.51431633000846
209,-198.39584749159297
210,-204.26582338909796
211,-192.06326797868178
212,-199.1789109323956
213,-199.40735088517113
214,-203.12543407126427
215,-209.37084827540335
216,-204.00682533814782
217,-189.1908945470412
218,-213.61174653287583
219,-203.2778911186699
220,-217.6417862498808
221,-211.43900044033236
222,-210.8886186377294
223,-221.2361084544277
224,-214.4705219995696
225,-212.5419497512723
226,-222.49307971109792
227,-213.61668243016493
228,-213.8306697708414
229,-223.5836913195959
230,-221.5998000424873
231,-219.05810247347034
232,-218.8076344138705
233,-234.01790651191243
234,-224.79930586653575
235,-234.13575226065137
236,-228.77573551988584
237,-243.49276232514424
238,-241.12858692725695
239,-224.79401352113032
240,-228.6489418808507
241,-228.65385463851538
242,-234.32551490244796
243,-229.43558024997756
244,-231.849597702006
245,-225.19302843553766
246,-224.71322477531103
247,-240.5263669746926
248,-241.53999540592218
249,-253.23525179043847
250,-243.8932053723414
251,-241.75317716038566
252,-245.11156136572978
253,-239.7162472181214
254,-234.90835898001887
255,-251.77546051234478
256,-246.46904864032427
257,-250.8019635093488
258,-238.79050557194984
259,-251.06325163002347
260,-258.7336455251778
261,-245.38683475063834
262,-257.9516498142007
263,-254.22454795431173
264,-265.47334411041817
265,-261.78443904590443
266,-257.03896068446477
267,-246.91399886899654
268,-263.3539813983262
269,-259.9145736102444
270,-259.50623156403026
271,-250.93105332835597
272,-264.45257199816376
273,-262.18955696948217
274,-259.29959486512473
275,-263.23148253384545
276,-269.5479498748583
277,-262.5121765184931
278,-279.9603433551556
279,-267.59805371769556
280,-288.6244942379968
281,-273.05105990674423
282,-277.26790375680014
283,-274.3125255292174
284,-272.64496115673546
285,-271.76647905446725
286,-273.2524274061515
287,-273.6730995615812
288,-278.8311032815597
289,-285.28860003069775
290,-281.40416463625775
291,-275.05498818042685
292,-282.42965432736395
293,-274.9938340094551
294,-280.8471302778532
295,-274.85618351228237
296,-279.74497966104934
297,-280.7067308604513
298,-277.06748841724504
299,-281.4760284876987
300,-285.63504000084805
301,-294.68086915994786
302,-293.7694984206902
303,-300.18172244613027
304,-286.4581594704335
305,-291.99675250006743
306,-300.65890169231847
307,-295.7297539512431
308,-302.1664523859483
309,-314.8541594402672
310,-303.7149168606681
311,-296.68384454970777
312,-308.5351143729643
313,-307.16558563494357
314,-305.6408512850289
315,-306.8524815680596
316,-304.9694808368515
317,-311.4402696485815
318,-306.3596579683503
319,-317.844964381345
320,-303.38119790014974
321,-303.35007231196994
322,-306.2723616315041
323,-305.4011730313064
324,-320.03202843144123
325,-316.9301459748167
326,-318.2962272974093
327,-323.53665192120025
328,-328.41617019494004
329,-322.4790768184681
330,-318.4383730339626
331,-316.4069190160988
332,-326.8672203999684
333,-327.1487011406083
334,-321.01138856814555
335,-322.2276636678532
336,-321.00537094728327
337,-322.69887277912403
338,-342.06807019933103
339,-311.9094615974386
340,-323.75948126927557
341,-335.3807358100491
342,-334.7500992442699
343,-324.20376579974464
344,-333.45828796202284
345,-327.1836169202745
346,-325.53723214503003
347,-333.1426282182894
348,-339.0780357708101
349,-337.9683570544737
350,-333.84504497751993
351,-332.0252622509041
352,-339.13853120086685
353,-332.54330468468515
354,-340.4619966669059
355,-339.6490947286486
356,-354.20782773387515
357,-348.40653486258157
358,-353.33364506897783
359,-356.19718280077507
360,-338.01263148933225
361,-346.2534230987369
362,-349.6872640325675
363,-360.06070124003065
364,-346.51499899797454
365,-356.7204488188838
366,-362.83166938666085
367,-352.78784606021514
368,-355.6241060528224
369,-349.81018248777605
370,-352.1404436342284
371,-367.7661606177122
372,-357.75383253330347
373,-364.40523726568523
374,-369.88736161020665
375,-355.8148846457345
376,-363.00319147248865
377,-359.52436918800805
378,-367.6996129791492
379,-368.2018984754699
380,-373.74088301291175
381,-365.3752897146006
382,-370.27975459577596
383,-372.9861504325172
384,-374.26788715803485
385,-373.07963151574154
386,-368.9078119995994
387,-377.7679638038309
388,-376.3224346870731
389,-373.6183818603198
390,-387.8732268868043
391,-371.4722960877492
392,-369.3568850045651
393,-382.062754707886
394,-392.28216660087173
395,-381.044205044178
396,-397.8739465230963
397,-384.1888262676663
398,-385.73010551553887
399,-392.318301744075
400,-399.4218203237729
401,-381.0166169045636
402,-393.31093925037476
403,-378.85080789200765
404,-379.3635243302474
405,-403.6392226388615
406,-392.2574498067883
407,-397.69829634609175
408,-396.59022397406665
409,-406.1561128309219
410,-404.7305809057338
411,-420.068407082656
412,-392.9718306166247
413,-405.2456897953112
414,-398.6738683096924
415,-401.4845917027106
416,-393.25394221440985
417,-409.57210315260926
418,-405.91596161373644
419,-406.6531818517728
420,-420.1032583703017
421,-416.73841149675906
422,-411.8302114847709
423,-408.52478348890816
424,-417.7019933822587
425,-422.78067972161807
426,-427.418081631163
427,-426.30810708887884
428,-416.5765390090108
429,-408.7817991998699
430,-417.3010660452558
431,-435.37021906234685
432,-420.0956747372635
433,-423.19322175523644
434,-414.9026976883495
435,-418.22928139470594
436,-421.8172714685311
437,-431.73053498243473
438,-425.0793279863744
439,-438.10105983258603
440,-434.22934239028126
441,-417.6705442957753
442,-434.0793981765299
443,-437.76648494883966
444,-444.73331615250953
445,-446.61714817665086
446,-441.23511322584363
447,-435.75440970743426
448,-438.24526797745835
449,-442.83888150576195
450,-439.1128934441017
451,-428.0144914737102
452,-431.8002390678685
453,-443.04309452917056
454,-438.70995701303076
455,-441.93448260719646
456,-442.1650008899841
457,-444.17902273101544
458,-447.5203221340306
459,-448.5837452285008
460,-449.17069609826217
461,-442.0606544629696
462,-460.9486760798539
463,-459.8863360183579
464,-449.2985007576762
465,-447.1491014844566
466,-460.20421746766357
467,-452.6569798380637
468,-449.8667333564582
469,-468.20662523010435
470,-457.643825664704
471,-466.9405703442143
472,-451.5357885019278
473,-470.5830700449736
474,-478.1944350188477
475,-463.31451020636047
476,-458.1781976546849
477,-457.32138934037727
478,-464.550259340783
479,-468.5982079104634
480,-469.6545764179285
481,-467.80385380924855
482,-491.86261128602047
483,-478.4651315938966
484,-477.1269150822657
485,-466.85898883551897
486,-487.5176009532221
487,-474.10216724157993
488,-473.8685656327898
489,-485.9823866404921
490,-492.42794847897363
491,-480.9938182056286
492,-484.59038123130057
493,-479.6539151329642
494,-484.81808860836816
495,-492.5060848668614
496,-495.8089372534119
497,-480.9768886345114
498,-486.60127338621487
499,-473.6592609331229
500,-479.796323126492
501,713.6144062671466
502,734.9419272153104
503,716.391409744975
504,743.8473390490175
505,715.2693508123541
506,746.5041969444964
507,706.1237229919101
508,709.880500090783
509,717.1105456077132
510,713.9882541307844
511,739.6418096983508
512,760.0486953702904
513,870.1286145205638
514,746.5894053616526
515,722.1767807901379
516,727.1247340373523
517,715.6549460630694
518,740.9076540678516
519,687.0348230883109
520,748.1711385143597
521,765.4314955885151
522,732.9018151449615
523,774.395800271805
524,736.8734590133602
525,727.4716242505081
526,745.0487149979051
527,753.4563656578568
528,722.3416273288658
529,808.2654967347237
530,763.8318536614123
531,787.2665988599231
532,718.0857258811375
533,767.0461301930573
534,737.231636172745
535,787.1915325231942
536,783.2199664719604
537,775.5857605539444
538,788.2659406675249
539,760.4873422396321
540,800.4257964466519
541,771.4788751485012
542,806.6764630943326
543,780.3644813518887
544,772.789052897997
545,782.3326898518269
546,798.6367409626916
547,759.4662689383056
548,791.160662767354
549,782.4811543124667
550,773.4598191089659
551,793.9829870992587
552,749.9513443111622
553,794.2424629237437
554,758.7944527009635
555,844.4635659627411
556,802.6708050952145
557,812.4355866221779
558,780.5829491252586
559,765.9422425611313
560,766.1542252109394
561,832.101610221062
562,776.3572463681808
563,760.3816128489756
564,801.693535050233
565,810.1790699353755
566,807.1595204898978
567,768.7622175762336
568,798.6420105235102
569,778.3672403299382
570,817.4898243925879
571,781.2361905108321
572,812.9247405492857
573,829.7349758524119
574,785.5007129031942
575,807.753582564422
576,821.9349551083351
577,755.9886478797674
578,811.5333519477573
579,800.2629495288529
580,856.6958071914814
581,818.297209818724
582,818.7514434503547
583,829.3092080225077
584,846.8192453346625
585,848.1816804081241
586,784.4470188989396
587,838.3546866097156
588,767.6805552778736
589,862.6978220195039
590,836.8898024181156
591,845.7134847026423
592,861.415710517101
593,820.9023522753744
594,813.8851127466613
595,851.1444587413257
596,823.3593487542915
597,799.9486956160423
598,839.2554055160365
599,805.0421135142099
600,836.9831726704064
601,826.0511539035987
602,806.5779128029443
603,772.5496522327084
604,836.0682490848427
605,882.8209817502902
606,808.1211733119712
607,860.013473545604
608,867.1788987249374
609,879.4595364345041
610,789.0798108731645
611,902.1454738527634
612,851.6260018735744
613,845.2041304349182
614,866.9581277444007
615,854.8331351658999
616,819.3932975627595
617,895.9300085584123
618,869.3803919622942
619,860.3688958311747
620,812.6726406473028
621,839.1694671667047
622,852.917601853937
623,859.5472781308258
624,886.3701352319962
625,841.080983436596
626,871.2167094995253
627,861.5171956541899
628,888.9996652012592
629,787.1208097677952
630,835.7340298659318
631,817.1387505647173
632,827.7153602941382
633,894.4002546315321
634,828.0526455842833
635,904.1810856033408
636,798.7416530158674
637,860.0649999155123
638,824.3051122131709
639,877.9429968406071
640,908.6174873398489
641,843.8924498468441
642,874.6468435147306
643,874.6657666715012
644,888.8889239693037
645,913.6528029952362
646,857.7760648245222
647,861.8939299794284
648,827.4501326609759
649,845.0085111451821
650,851.7871738558283
651,868.5057353762446
652,803.6852286619913
653,858.803696402074
654,878.3563838953861
655,865.2793667639302
656,844.413888514741
657,877.6676944533925
658,908.0105082020788
659,891.519985275029
660,903.4476979202971
661,893.9823141576198
662,858.2022584313431
663,893.2363381543277
664,880.3555158420952
665,892.0827504193609
666,890.9755543930272
667,866.5514833161761
668,900.7354986092761
669,891.3534914377658
670,934.1018174840447
671,903.2703392742189
672,879.3356751068075
673,907.0196741135769
674,919.6646687918444
675,910.8322195233409
676,886.8774459181
677,907.2902019041211
678,894.3422647480166
679,911.7708534976944
680,932.632717960109
681,909.4196047869154
682,863.2338371509982
683,836.1784971919822
684,906.2490957135864
685,1007.0628415881006
686,882.051970507996
687,888.8460214465546
688,931.1784331749944
689,913.6584651388229
690,921.0436438406342
691,914.1161242761758
692,910.5758868113265
693,947.9479903312085
694,877.618659950516
695,934.0176650675758
696,907.2546408292798
697,972.0966281427953
698,913.854124858546
699,913.0639487802042
700,896.6510393156773
701,882.2253895170127
702,944.8540246538215
703,967.2805406350661
704,961.652854645432
705,917.8177840787
706,980.277716470469
707,934.8466822125669
708,952.5650459366524
709,912.3474637439634
710,968.1255075680266
711,898.6372108057598
712,946.5844775265749
713,963.8279348259061
714,1014.5381350847209
715,958.2118784817815
716,936.8193765598544
717,955.6891904335274
718,964.5314680144954
719,918.4946936825924
720,986.1305685937655
721,993.0148260927201
722,965.3106932907765
723,946.362047683721
724,930.3775220760693
725,1001.7957763153034
726,969.117865346071
727,996.8716162638573
728,941.3887365990427
729,1012.7772646136227
730,935.0820315320591
731,975.4776649019094
732,948.2925546402594
733,945.5158071062718
734,961.113477826495
735,936.5922600573804
736,989.8123496798208
737,912.2356397490217
738,989.3743717548942
739,946.4503416141421
740,982.428439977871
741,901.0438884607921
742,985.989069278428
743,972.2734178853503
744,908.2096960026079
745,1002.1693017701142
746,1001.2364816249584
747,994.8636197678702
748,986.4034695122926
749,919.0227548745256
750,912.2628929019482
751,974.6115805401514
752,1017.2592805459458
753,959.0663155347956
754,930.1894718153161
755,977.797324329359
756,1014.2990903428714
757,1004.068427871619
758,999.857962151008
759,923.1606833747709
760,991.577955622127
761,1019.8333508446883
762,999.5376945647461
763,979.4077953829358
764,974.1744345271292
765,1038.1216885615288
766,945.1542519607827
767,994.0733345411368
768,984.1250312411471
769,980.4885131408547
770,992.4965265991596
771,993.6010173518574
772,1010.0647641304841
773,1022.7635484921631
774,989.1337911135672
775,1007.8501713463057
776,1046.385286404086
777,980.7695532282343
778,1069.1421639695411
779,970.9698187794645
780,950.5292718338768
781,1021.9927883076666
782,994.4884392833138
783,966.4947644615793
784,1052.9683334658705
785,1035.8096459320416
786,1041.234730614036
787,1034.3725943208883
788,1006.2472439760934
789,1046.582128130107
790,1095.7404348922964
791,993.6865649398203
792,1018.0224740919961
793,1055.718864083758
794,1006.5199858090713
795,1026.4257817562134
796,1036.7943838571962
797,1045.3624207328924
798,1056.8952853218564
799,1082.5329213978885
800,990.9200249307848
801,1063.4746863573478
802,1091.1135131681754
803,1081.8630647805003
804,1047.9863929419685
805,1017.0536366656204
806,972.4419881119155
807,1029.1267389967536
808,1057.8759835650314
809,1060.8863217983749
810,1079.5506769078336
811,1038.0834893882206
812,983.8525318095838
813,1045.2838034880722
814,1020.4976239718779
815,1109.9302456305782
816,1039.4169897407828
817,1052.7971762936052
818,1061.6435217147598
819,1081.770382196503
820,1010.646965958466
821,1047.7582837929222
822,1019.7339305538511
823,1056.802088559981
824,1072.828145041051
825,999.6219060222402
826,1096.1239646545225
827,1057.2213204006905
828,1021.565708096359
829,1066.9306485766529
830,1038.2625620271044
831,1023.9764638503912
832,1048.9878914755218
833,1118.6275909922874
834,1035.8908702163212
835,1044.804522379027
836,1054.1518601495727
837,1075.6948350793537
838,1088.3121600769848
839,1097.0995073051101
840,1081.5248559904749
841,1104.2951002591676
842,1102.5403269653452
843,1048.9516128463636
844,1123.622394115942
845,1071.187156500169
846,1121.6848444502502
847,1096.5165778804926
848,1113.993098817364
849,1043.193863618053
850,1107.719466039846
851,1039.7843993243596
852,1036.5329682430504
853,1100.9039057160385
854,1125.5953783102673
855,1079.4147307952612
856,1099.7363144398116
857,1099.2944118863368
858,1102.3182015677196
859,1082.6302991915804
860,1118.2717655793936
861,1148.3122546636257
862,1074.5586566993015
863,1080.8399961756595
864,1059.2584239223784
865,1098.2992708993702
866,1046.3664167121617
867,1154.0427195111924
868,1109.162988667085
869,1082.9733755383552
870,1110.3818787275118
871,1103.5566650700257
872,1099.3229852153327
873,1143.0512679621213
874,1134.9520659508682
875,1051.3001986825761
876,1179.4740977597273
877,1067.3647656517421
878,1036.890982865912
879,1073.5841726216554
880,1050.4162382398729
881,1129.9519462969854
882,1118.1199704422172
883,1157.7141168108271
884,1115.246719776895
885,1095.941146088851
886,1121.347483053746
887,1134.9422249721197
888,1132.8273316952045
889,1125.1769975435466
890,1105.9276237631902
891,1100.7926785246489
892,1125.765891944547
893,1139.7187507314247
894,1127.774188371575
895,1133.7628576822235
896,1102.7476684490503
897,1098.2047939977442
898,1122.288017496041
899,1168.4016950796358
900,1130.1223223275254
901,1107.209936626662
902,1164.327062345887
903,1164.1090622590739
904,1123.9593814093512
905,1144.568477035922
906,1123.335126253137
907,1091.8605331587005
908,1150.4232546995381
909,1138.535422905536
910,1126.1959868016295
911,1191.6406491345472
912,1125.45509137257
913,1107.7013463750202
914,1113.4140412858367
915,1174.644491482235
916,1123.6386391270535
917,1084.281468469145
918,1156.8555173944912
919,1158.443532663017
920,1151.1226180838296
921,1124.8141888069194
922,1157.7466057712106
923,1168.1899974411313
924,1192.296772547984
925,1158.6752350661498
926,1161.393094903308
927,1180.3060262534216
928,1154.838579736977
929,1181.9045667724354
930,1164.861895725878
931,1154.612858445771
932,1122.3455944356342
933,1147.5004835842922
934,1174.3462003383183
935,1157.98395747425
936,1181.7202552859228
937,1196.2522242977889
938,1186.0635431899423
939,1192.8230879364617
940,1180.582044273978
941,1170.2484562837587
942,1109.448382850682
943,1154.1276622213618
944,1171.1331470174468
945,1204.6710870858117
946,1193.6540808432264
947,1210.6370007022056
948,1182.200975985281
949,1141.0002839197832
950,1219.7242269321894
951,1215.2529483844937
952,1174.724313251402
953,1102.8031063471408
954,1190.8284790199098
955,1216.18955514915
956,1222.8352642181871
957,1215.500573378483
958,1201.8037527998315
959,1205.1024765714276
960,1184.154537649207
961,1218.783327397507
962,1181.1823351178816
963,1184.6154376205084
964,1170.512988770268
965,1176.633898136195
966,1142.9197343616108
967,1272.5804205874579
968,1181.761775689998
969,1197.0864267021443
970,1164.2832225779027
971,1142.5264626567382
972,1225.4658516966183
973,1240.3172494321932
974,1213.7704542519882
975,1198.7605674776698
976,1209.1128543141826
977,1251.5756365554923
978,1162.1013852840993
979,1209.9821440942574
980,1167.5450316518236
981,1205.479495977077
982,1232.4180057831054
983,1166.8845345465977
984,1207.7976784609857
985,1176.0063418369173
986,1167.7006046674815
987,1236.064702304588
988,1208.2698679347725
989,1169.4257290496544
990,1191.5991074184722
991,1225.3021490167841
992,1197.0023591377658
993,1242.089185001549
994,1247.9801031355455
995,1201.9960222991892
996,1204.3053731457017
997,1253.9363819646796
998,1231.9170952167672
999,1201.2717515431175
1000,1230.1505573516238
1001,1996.2765928331225
1002,2003.4775463591493
1003,2046.9607996186842
1004,2058.741498795103
1005,2047.538750585236
1006,2048.21278072134
1007,2032.221562861189
1008,1905.613885857522
1009,2084.9140822207873
1010,2066.902679080506
1011,2028.9234396930492
1012,2065.08507826321
1013,2032.5414324851176
1014,2048.523566242317
1015,2017.6179349042866
1016,2069.0958230588108
1017,2066.7186666408556
1018,2014.3969364610693
1019,2072.4803531805924
1020,2119.0361520265183
1021,2037.1043915399835
1022,2180.038356575748
1023,2064.2797265015074
1024,2083.414067349271
1025,2127.104094067392
1026,2117.578500039216
1027,2129.7820483197065
1028,2113.1422733651734
1029,2052.348436854774
1030,2059.598324145621
1031,2086.716789977049
1032,2163.963028300657
1033,2082.844283451306
1034,2094.3305875678766
1035,2176.3515981589344
1036,2137.528794618342
1037,2043.576841072669
1038,2107.471853888434
1039,2091.0731036696993
1040,2131.6188894011666
1041,2161.340319856483
1042,2088.8792656375426
1043,2149.9292000202686
1044,2105.644524437424
1045,2108.234374088432
1046,2110.9870165516504
1047,2223.744657546897
1048,2137.8253144172695
1049,2186.7464676824798
1050,2104.645917621578
1051,2142.192101592711
1052,2143.5563741235674
1053,2120.1827796195807
1054,2221.431201482538
1055,2150.758653791837
1056,2212.651230205652
1057,2089.568048515498
1058,2182.0955191375006
1059,2182.667178463423
1060,2093.7041256408243
1061,2131.091062871488
1062,2152.2679919328716
1063,2134.7596095414333
1064,2133.7223730679593
1065,2155.619623268644
1066,2148.5753875788423
1067,2111.6406582412587
1068,2126.646812182713
1069,2142.024387656875
1070,2150.6659099422277
1071,2208.4872585855055
1072,2181.4360260716444
1073,2118.2373238246323
1074,2236.725841557462
1075,2248.5689782297013
1076,2188.835019094903
1077,2238.70465061143
1078,2182.108222480403
1079,2167.395307207673
1080,2224.895905948315
1081,2179.6034068878143
1082,2200.086878678733
1083,2207.4473438991754
1084,2202.0169165280267
1085,2185.2710622698137
1086,2182.7478813736975
1087,2204.954253667143
1088,2264.634940492418
1089,2191.5628270072375
1090,2187.4607855934355
1091,2149.8109734335676
1092,2249.8513956335687
1093,2206.2970983664472
1094,2245.138070346094
1095,2252.9339266879124
1096,2263.8323516480186
1097,2182.9518851903017
1098,2247.5708208809538
1099,2324.0678439563067
1100,2258.655886258143
1101,2239.7944696066897
1102,2252.327729395138
1103,2196.190774382775
1104,2347.525099945895
1105,2215.843313078079
1106,2252.9237164607666
1107,2256.7325671433655
1108,2229.875541885798
1109,2225.4270992525103
1110,2245.9243698328282
1111,2229.0758480019263
1112,2257.707054268797
1113,2251.659960312596
1114,2212.819456936359
1115,2245.9487159529835
1116,2242.3584214836296
1117,2299.7773996043256
1118,2258.4559024704245
1119,2272.10415460481
1120,2257.6732341472207
1121,2264.3079596750763
1122,2335.6969346440737
1123,2209.003883078775
1124,2310.451937128544
1125,2196.393264973465
1126,2264.3752389756432
1127,2253.2119440614256
1128,2233.7024957675285
1129,2331.610815764112
1130,2346.1544976642963
1131,2347.472076176145
1132,2234.542423082331
1133,2333.731808063183
1134,2266.6822393689827
1135,2340.33483742715
1136,2331.0470439316623
1137,2354.415318597251
1138,2343.1309088472262
1139,2419.5756226447725
1140,2274.718535694453
1141,2385.583773562148
1142,2286.5672439611985
1143,2330.33358366793
1144,2287.5993182213806
1145,2365.1625935661646
1146,2363.1250498377476
1147,2366.058801808969
1148,2408.2799163739796
1149,2297.1774844474457
1150,2255.793946474138
1151,2283.829440769987
1152,2312.697988168726
1153,2308.034932264159
1154,2352.6745324707736
1155,2270.848647651731
1156,2271.450619406662
1157,2378.332844953257
1158,2361.0280988922286
1159,2344.0838805402473
1160,2326.9009527083126
1161,2360.020329341191
1162,2412.53993296729
1163,2328.24735511793
1164,2327.4257759988113
1165,2379.1948914509435
1166,2393.5162479984265
1167,2348.71247789638
1168,2320.6204744292677
1169,2411.7265992038347
1170,2315.2318947969675
1171,2316.6429349817176
1172,2379.615165786774
1173,2329.5080042227005
1174,2367.676075205836
1175,2355.127871247115
1176,2417.652457797975
1177,2422.3677205090844
1178,2379.223622507808
1179,2381.0960798393503
1180,2412.075029616867
1181,2387.689758355514
1182,2386.9339813596434
1183,2391.501013100275
1184,2437.8014044635083
1185,2433.3223854265057
1186,2402.1216990771895
1187,2383.499780646231
1188,2457.352272715616
1189,2411.842689215163
1190,2399.2049496113013
1191,2352.0566426729106
1192,2390.2682211082483
1193,2409.3480288487917
1194,2439.4629415413765
1195,2476.198304959269
1196,2422.1766534755343
1197,2413.9299997210887
1198,2472.5729401094122
1199,2390.08098672502
1200,2458.8477816496525
1201,2406.4995585904153
1202,2445.050631579779
1203,2386.381947906834
1204,2399.4682734590733
1205,2361.6856632509166
1206,2470.2162114005896
1207,2515.254315439101
1208,2413.5425141854885
1209,2408.440789293836
1210,2479.828969101268
1211,2493.20525181961
1212,2438.2466342945554
1213,2392.5264511263053
1214,2414.7465382137198
1215,2493.752241489414
1216,2484.6248460460115
1217,2442.717367752594
1218,2420.2121611879184
1219,2521.2041245702912
1220,2449.909791751442
1221,2522.963901944226
1222,2468.120516877119
1223,2534.416677225896
1224,2500.9842705782653
1225,2491.167178110812
1226,2538.5232705254907
1227,2470.8602171882458
1228,2463.7372937964305
1229,2529.3269711754983
1230,2499.2710070015064
1231,2450.6252263826987
1232,2474.6890588284045
1233,2475.347242701509
1234,2494.2303791157424
1235,2474.571263231296
1236,2507.888224176464
1237,2534.8140824269585
1238,2511.9750407984075
1239,2501.78782520297
1240,2503.219512512845
1241,2460.965530271149
1242,2504.029006755594
1243,2469.707183440382
1244,2583.539862442094
1245,2534.242445582269
1246,2495.1431863409052
1247,2504.5656896238047
1248,2540.979932130325
1249,2548.504332119108
1250,2528.4561463866526
1251,2570.107672404034
1252,2530.846077989164
1253,2538.1472365231784
1254,2452.949099903263
1255,2521.822645319628
1256,2601.39693808297
1257,2478.684036474839
1258,2532.618729646072
1259,2467.9350927772143
1260,2582.4036957415724
1261,2574.1512959745555
1262,2517.3475373915044
1263,2542.7309384679643
1264,2622.6631671425152
1265,2464.7167746685427
1266,2474.1583351844743
1267,2564.122721625857
1268,2538.763297324286
1269,2612.5859658526224
1270,2586.048221616982
1271,2608.9122297255253
1272,2625.898488834778
1273,2563.312972008906
1274,2671.752770662522
1275,2543.3205150271915
1276,2600.1805777503114
1277,2557.6829781462457
1278,2619.8338973175346
1279,2540.045394290927
1280,2552.754498667488
1281,2616.29165416097
1282,2613.5432951736234
1283,2577.6370919377646
1284,2628.311205725417
1285,2646.4530122578276
1286,2608.1426470829942
1287,2581.377903749463
1288,2562.8849176422773
1289,2578.230132288649
1290,2617.192592698065
1291,2679.9708888199502
1292,2574.48706036924
1293,2567.4146229635003
1294,2571.303287950564
1295,2611.239316075058
1296,2632.472396886313
1297,2637.7939011825474
1298,2621.050391314438
1299,2649.5476263302726
1300,2649.1561783313236
1301,2661.553793720187
1302,2700.0966135712047
1303,2671.700436477251
1304,2703.57923662487
1305,2619.138695416401
1306,2613.196520331615
1307,2500.9988318198803
1308,2746.419597290471
1309,2680.888740859824
1310,2672.884631741629
1311,2613.8303020563403
1312,2640.594695528792
1313,2706.673810466145
1314,2594.0773863610298
1315,2681.861560841944
1316,2619.744527024091
1317,2719.0640934024655
1318,2699.4089353254885
1319,2737.6017481772174
1320,2669.5644314929436
1321,2685.4539364061575
1322,2614.283636474927
1323,2773.0684988507287
1324,2647.6822002195436
1325,2655.9488420284774
1326,2604.367665015029
1327,2681.028133822745
1328,2697.5635752522494
1329,2694.9575035416306
1330,2675.3546331815915
1331,2697.2502702043553
1332,2687.89391436074
1333,2673.35086858221
1334,2652.74815953476
1335,2650.3448289181993
1336,2672.374808522782
1337,2707.8815641249753
1338,2676.1352703542625
1339,2775.4461645623246
1340,2707.140708124948
1341,2696.7308179850365
1342,2660.230164988939
1343,2693.1141711549712
1344,2687.9779804858417
1345,2716.6993208573194
1346,2764.6814040463896
1347,2757.591737584157
1348,2706.770063599199
1349,2668.003451116023
1350,2804.3068943304943
1351,2655.6013930703666
1352,2771.9271026316687
1353,2782.0641493700746
1354,2765.8806425943235
1355,2706.3919559202723
1356,2768.2107433541682
1357,2729.012738272728
1358,2706.155384327632
1359,2760.5956513917977
1360,2727.7539452249694
1361,2729.246206902906
1362,2754.0545649594355
1363,2779.718003899156
1364,2702.389883755972
1365,2693.7459623102463
1366,2767.8486503506433
1367,2822.5108720504763
1368,2713.910195559789
1369,2763.905597625936
1370,2783.3214730764457
1371,2833.356359880591
1372,2737.1147292288183
1373,2781.8247867796126
1374,2657.6499687034125
1375,2856.2061878489367
1376,2813.5664105710484
1377,2799.811655290343
1378,2811.372884406749
1379,2756.215275857247
1380,2784.5208634354467
1381,2786.2145827343115
1382,2809.7682819465153
1383,2739.825269175918
1384,2805.485842688389
1385,2795.5434997606526
1386,2805.5360519680153
1387,2832.796332082461
1388,2782.900750084188
1389,2855.555110285373
1390,2751.1420318752753
1391,2850.353050463264
1392,2834.564997651108
1393,2840.635478427707
1394,2856.653004292756
1395,2834.7089054573057
1396,2790.9774204851406
1397,2857.1000531048044
1398,2817.1257808800624
1399,2766.26131822595
1400,2822.788181160222
1401,2846.5766000491262
1402,2895.2002049107928
1403,2823.3854950113837
1404,2806.341386736122
1405,2873.1795302693426
1406,2834.2609387075886
1407,2860.2094470893294
1408,2872.8226717349153
1409,2928.7645914866603
1410,2883.3102849299366
1411,2889.248346685384
1412,2898.636415484601
1413,2882.989828353066
1414,2869.3272335974216
1415,2959.349700660624
1416,2822.7704549511427
1417,2784.4797593869403
1418,2844.917955656279
1419,2919.0198330384637
1420,2895.3172642923882
1421,2899.408224580768
1422,2930.839808478792
1423,2839.843405345752
1424,2850.5467432218206
1425,2935.32160743036
1426,2946.684190145511
1427,2917.148795152908
1428,2835.490425940651
1429,2927.967559715987
1430,2873.9763443115476
1431,2910.8163009347327
1432,2849.9223308452674
1433,2920.9072441194444
1434,2868.5867147812196
1435,2915.013282181321
1436,2936.071775627031
1437,2824.6788142687215
1438,2885.7247997450945
1439,2905.488588748722
1440,2879.9378293355853
1441,2972.8009040002576
1442,2940.305134989071
1443,2879.0103230652294
1444,2925.823993604344
1445,2882.449636325361
1446,2942.286084987781
1447,2894.887283222601
1448,2889.3803797869514
1449,2945.3406153740907
1450,2926.5956367902354
1451,2937.5740708063104
1452,2922.5526932584557
1453,2884.3912831297494
1454,2956.0300567164845
1455,2916.607384042448
1456,2903.3576467587363
1457,2944.1677397512317
1458,2880.2231129776387
1459,2880.9323820625987
1460,2944.578679353093
1461,2899.014952888225
1462,3054.98291375022
1463,2978.480048510705
1464,2908.098163059702
1465,2939.329175725378
1466,3045.8569910068736
1467,2938.582682251372
1468,2952.6815017031863
1469,2915.2440333820723
1470,2974.9481824944846
1471,2928.5240307093222
1472,2929.5692803210886
1473,2944.5651146181795
1474,2988.6675008853285
1475,2969.8118909654077
1476,3000.663436293768
1477,2973.3017435438674
1478,2990.156836408744
1479,2970.3119657731454
1480,2923.9959332604294
1481,3027.4297303892563
1482,2994.8580966705767
1483,3051.3680897547824
1484,3006.0139002439378
1485,2985.8090308061
1486,2973.849243970814
1487,3035.293727609581
1488,3077.5276720280726
1489,3048.380383236699
1490,3002.4379403955727
1491,3074.4729611500397
1492,3022.0037569027822
1493,3005.758068651413
1494,3067.280319039394
1495,2934.214858502837
1496,2982.1403851455434
1497,3093.142864996031
1498,3024.91614148821
1499,3003.061544406418
1500,3041.5745063901963
1501,3005.9388731910844
1502,3002.4992072089785
1503,2941.3669194088184
1504,2973.3192001787784
1505,3088.047684972052
1506,3123.2714963940675
1507,3077.749533435533
1508,2952.028382416896
1509,3059.837361588062
1510,3018.2211742352383
1511,2978.6497287483407
1512,3082.6223997150964
1513,3069.5210473483103
1514,3047.1353087155353
1515,3114.7993799884703
1516,3021.1758662778925
1517,3100.7305149054396
1518,3030.3353050879878
1519,3145.6778798627497
1520,3094.8998214320964
1521,3079.0622557256393
1522,3127.876541589381
1523,3074.903526105041
1524,3086.8905791352518
1525,3046.087710076558
1526,3156.7101217743325
1527,3084.372424568619
1528,3128.2254988761374
1529,3150.443454757279
1530,3100.105206461648
1531,3053.034243586993
1532,3154.5035639545486
1533,3081.631747248006
1534,3108.7820374699613
1535,3096.982263270278
1536,3112.4780041107183
1537,3098.871927558472
1538,3048.3463840972536
1539,3051.4943008988603
1540,3098.582557618796
1541,3143.5721540329414
1542,3125.311829644291
1543,3110.5001939187296
1544,3103.7758909704344
1545,3106.062004878902
1546,3081.517590838862
1547,3171.4368412686786
1548,3051.325845744064
1549,3077.028285828715
1550,3076.1617573290077
1551,3199.030621329428
1552,3156.8680919622266
1553,3057.455717777194
1554,3120.63545877264
1555,3136.024177218041
1556,3143.8374037932795
1557,3142.38183551179
1558,3108.8897447551526
1559,3170.774446808463
1560,3223.390003386957
1561,3195.738692862243
1562,3135.0092250063403
1563,3083.5971259952103
1564,3163.25646915566
1565,3143.8015838874244
1566,3148.951134609011
1567,3187.896934691282
1568,3180.984124209349
1569,3130.2871959021877
1570,3178.653969965489
1571,3152.840434505972
1572,3231.651797711797
1573,3153.982292420337
1574,3156.7084451788864
1575,3230.4052558568537
1576,3211.7909805590534
1577,3234.228859584638
1578,3171.0869085183103
1579,3210.2596356790086
1580,3232.9026298963613
1581,3229.3464339924044
1582,3287.446859929226
1583,3218.5485017382393
1584,3152.032800226278
1585,3170.6256368090767
1586,3231.621508368808
1587,3126.764490336329
1588,3108.4085005518705
1589,3241.805293214545
1590,3207.7713356641366
1591,3175.3968421157642
1592,3284.9765020482682
1593,3218.8144924353624
1594,3159.7215898676072
1595,3236.426814121195
1596,3201.860453224207
1597,3190.5517772463936
1598,3240.502508914403
1599,3221.549719932427
1600,3335.7254414984063
1601,3281.877136996732
1602,3278.5536845336037
1603,3253.425022200317
1604,3258.4172566275524
1605,3235.291590258743
1606,3226.5212704635896
1607,3224.6876073341286
1608,3192.417784485937
1609,3262.1896478997473
1610,3219.8139926002586
1611,3277.5385615276364
1612,3213.2658921779844
1613,3322.2811571984435
1614,3208.090129444657
1615,3195.833829319702
1616,3200.5679143401303
1617,3259.9990662307778
1618,3288.172245623174
1619,3258.142168625326
1620,3243.896152093177
1621,3191.777745363805
1622,3227.859498165924
1623,3269.7197682736833
1624,3331.2121364750437
1625,3318.5103218864706
1626,3275.7918248312853
1627,3271.899092204191
1628,3246.2538922912745
1629,3307.8770138120058
1630,3324.3031489485156
1631,3226.248310417586
1632,3300.8739678383413
1633,3313.9194125331223
1634,3259.1498841663606
1635,3336.4707853447544
1636,3274.182044271727
1637,3283.1456086033104
1638,3252.6541481096006
1639,3324.5540566410436
1640,3343.370328239217
1641,3343.860968219872
1642,3377.7928181795014
1643,3300.071089432694
1644,3343.9628390078287
1645,3332.3312447885587
1646,3293.373715495846
1647,3317.7410422597713
1648,3374.7315678101377
1649,3295.7751827818383
1650,3330.9518567797786
1651,3261.4905756576554
1652,3263.346537604514
1653,3421.2471544272817
1654,3360.9220056636386
1655,3282.230300176448
1656,3342.9295909431494
1657,3312.933837404202
1658,3343.675318946093
1659,3317.3107361730154
1660,3328.9729276100834
1661,3357.579091955559
1662,3389.608522723342
1663,3356.0375614071645
1664,3351.4124300065064
1665,3285.122148915992
1666,3419.5461445434435
1667,3313.1100097103263
1668,3324.8209413263307
1669,3392.692903107266
1670,3383.1515829124946
1671,3339.378484741784
1672,3392.072161802932
1673,3298.528935284386
1674,3348.924543651209
1675,3388.727345473592
1676,3353.4916074272264
1677,3370.203702051399
1678,3355.961497188343
1679,3402.4295926016584
1680,3362.513732514669
1681,3356.5404853229275
1682,3424.420392535768
1683,3441.8693333867277
1684,3484.8945077338108
1685,3377.5235906667212
1686,3412.7374343245333
1687,3388.4633426693504
1688,3408.016290694354
1689,3395.8141867584727
1690,3454.362732444752
1691,3380.2186928436513
1692,3438.960427930636
1693,3483.976162236844
1694,3356.0158296629183
1695,3396.987040866679
1696,3369.063854564684
1697,3458.072505979152
1698,3355.8698347268605
1699,3477.597592553811
1700,3463.486137796356
1701,3463.688125285665
1702,3420.543890683583
1703,3424.964660732116
1704,3446.060313992929
1705,3504.0826460460817
1706,3463.0062412338866
1707,3496.0616250533094
1708,3413.0984629988525
1709,3503.2103656251875
1710,3443.4908580022607
1711,3438.884410191787
1712,3499.671808544951
1713,3405.333788024844
1714,3451.375587574094
1715,3394.413729148384
1716,3397.6867601326326
1717,3399.9227984548806
1718,3502.940394464437
1719,3439.350747536447
1720,3473.278292339131
1721,3475.344463667747
1722,3467.2912729862805
1723,3422.295648620813
1724,3429.028267617518
1725,3421.634262826474
1726,3510.217010196331
1727,3457.4669818634525
1728,3550.847844616824
1729,3510.9561481606975
1730,3447.604124165383
1731,3563.5172587279376
1732,3553.9939997125825
1733,3521.749292535856
1734,3556.5005798241373
1735,3486.527842201696
1736,3495.7181291536363
1737,3522.8890945289604
1738,3487.3575036699403
1739,3554.448875621064
1740,3583.372494373133
1741,3514.105370703066
1742,3501.576860182687
1743,3535.4280076167647
1744,3573.805231230098
1745,3517.0012679867755
1746,3505.084681440028
1747,3481.262271174225
1748,3554.8063273846738
1749,3477.616068079627
1750,3478.2161018840998
1751,3512.592790142411
1752,3484.8898962999006
1753,3529.9449153043547
1754,3515.534892759879
1755,3628.324113495617
1756,3580.6356653752605
1757,3569.040337709593
1758,3559.364112051111
1759,3512.1369556102222
1760,3588.5672887774413
1761,3503.4386939631736
1762,3526.9250701954875
1763,3578.9147357500715
1764,3594.014669584002
1765,3553.0951054773664
1766,3569.2468489680964
1767,3554.170263634752
1768,3524.2907719155337
1769,3548.458170204754
1770,3562.037250161287
1771,3578.4183299970664
1772,3509.7106404671417
1773,3594.0511885770507
1774,3616.516114396329
1775,3576.7616958523686
1776,3565.282700938889
1777,3582.2692907945734
1778,3633.947268926463
1779,3577.872299641802
1780,3619.8709081727147
1781,3578.40891155232
1782,3580.608975578974
1783,3612.9887391357447
1784,3719.9364862343887
1785,3542.2049514936325
1786,3594.228542185385
1787,3589.6203192907533
1788,3654.8504971131947
1789,3598.429608408221
1790,3606.8529280196194
1791,3583.286003534319
1792,3603.1120655323643
1793,3621.232320957256
1794,3603.68305119838
1795,3560.449011430378
1796,3699.2086997467227
1797,3662.0753615694794
1798,3550.6017827230944
1799,3635.3104631603433
1800,3652.0059465412683
1801,3584.866673485205
1802,3604.110472912384
1803,3632.363506535772
1804,3666.166241583936
1805,3643.8313526078073
1806,3626.2228966096027
1807,3668.178758288933
1808,3632.36401524804
1809,3606.7495873602184
1810,3665.5994560294166
1811,3669.350061747417
1812,3680.2596088276628
1813,3723.803179368414
1814,3646.505701923516
1815,3632.2994286786256
1816,3685.545802715884
1817,3734.036675498297
1818,3668.9788760868355
1819,3666.1286709296296
1820,3619.4516789017925
1821,3643.2430160806593
1822,3784.7891510948984
1823,3687.3557382305876
1824,3696.8103845515648
1825,3692.2980489954916
1826,3691.4319277594313
1827,3754.9230135981124
1828,3673.709586527708
1829,3636.298561411405
1830,3751.0621818370682
1831,3676.5208048945524
1832,3664.423243228531
1833,3679.5358676790324
1834,3721.958501290399
1835,3583.3137772253835
1836,3756.232598794643
1837,3640.702693315092
1838,3762.6752925925566
1839,3749.747354324734
1840,3683.9658020279553
1841,3731.4863656895373
1842,3746.5605126297974
1843,3722.3822079752176
1844,3722.5180928013215
1845,3646.010752963907
1846,3754.2950510628157
1847,3701.372727065846
1848,3769.0773759367926
1849,3668.8788203876225
1850,3784.6821030810765
1851,3792.2518175499854
1852,3721.1819191964905
1853,3755.3224344492896
1854,3801.84138765184
1855,3707.249941605562
1856,3728.287091270455
1857,3612.4967313949514
1858,3714.2089275371472
1859,3739.040126563804
1860,3712.6086387688056
1861,3733.4853866342287
1862,3718.334821159984
1863,3710.773823232869
1864,3780.4104424738325
1865,3719.229899778924
1866,3777.848446426327
1867,3773.2216049882236
1868,3714.5887694323983
1869,3707.7926575712695
1870,3716.302515377798
1871,3736.24561268146
1872,3738.0503176366274
1873,3789.298552109602
1874,3809.401491606593
1875,3723.1473524614858
1876,3824.8534767806773
1877,3753.4598404353624
1878,3850.2149240844433
1879,3828.335214439423
1880,3816.6286103681164
1881,3833.2500548262487
1882,3842.3292820146658
1883,3830.1146638177506
1884,3798.814450237311
1885,3807.0144601317484
1886,3797.484055908479
1887,3718.9167219225606
1888,3785.5141828421656
1889,3855.659061403869
1890,3859.9070761316416
1891,3735.5854757839084
1892,3844.353411790731
1893,3896.07834257449
1894,3726.312793639031
1895,3838.0703114638372
1896,3794.2172158713643
1897,3819.6123979459826
1898,3881.3720366932075
1899,3835.975249309866
1900,3760.4308589315574
1901,3837.5656714505917
1902,3879.7047747805514
1903,3818.855795781676
1904,3834.9978763979298
1905,3790.2264154715417
1906,3898.367073606036
1907,3796.399640197612
1908,3884.83494372325
1909,3866.4968570740366
1910,3839.7077118678667
1911,3855.5868443092395
1912,3870.8024858080607
1913,3925.0817092596676
1914,3798.74445083791
1915,3878.7771753818192
1916,3848.4517759663563
1917,3897.5880970088183
1918,3803.770063623291
1919,3884.8881424154524
1920,3923.084339284201
1921,3914.716688266546
1922,3839.055745037735
1923,3873.7927518832103
1924,3846.585063809713
1925,3866.417746126985
1926,3911.577958685824
1927,3902.3150307921446
1928,3986.211012301818
1929,3871.2158113995333
1930,3875.198964782501
1931,3941.287978420636
1932,3932.3868158051387
1933,3811.0438160438644
1934,3995.7390582877015
1935,3904.0292463707924
1936,3932.2970687762568
1937,3900.5046686688165
1938,3894.2024017863614
1939,3919.4571392359085
1940,3852.693225176029
1941,3856.536590815368
1942,3873.911448854378
1943,3957.2202813977065
1944,3944.2263210354977
1945,3970.9336185219195
1946,3916.7719436032385
1947,3985.686997435799
1948,3940.51229953912
1949,3946.550804922884
1950,3857.3752546268
1951,3808.890921347025
1952,3926.7116409991863
1953,3907.3261483248784
1954,3979.044688274604
1955,3868.9139514506005
1956,3944.5511815304267
1957,3947.027298088481
1958,3944.0486812456925
1959,3953.2608446414815
1960,3981.6020376358574
1961,3967.722561147264
1962,3966.773307539055
1963,3943.6914770189874
1964,3906.42150900614
1965,3964.099898523394
1966,3885.214596229941
1967,4014.9067100550337
1968,4027.7087226047
1969,3961.608136232893
1970,3972.0038129072855
1971,3967.5939555801424
1972,4006.3847430638193
1973,4025.9963330363303
1974,3919.1365781970194
1975,3987.8321828191993
1976,3961.3078678733245
1977,3963.0537729908106
1978,4006.4893412104116
1979,4003.282907206157
1980,3975.0367892691647
1981,4061.5118651400403
1982,3916.6314919691936
1983,4029.5379376477695
1984,4028.1598843816014
1985,4091.9598757241038
1986,4030.881526882996
1987,4029.048407843353
1988,4023.0725295594275
1989,4051.4519616544994
1990,3974.129007920831
1991,3989.597911641304
1992,4084.1852059290627
1993,4049.5078468449897
1994,4038.8917377821595
1995,3989.5570926591863
1996,4085.8264882662443
1997,4032.6443339826806
1998,4004.514580487999
1999,4029.9327505437996
